"Authors","Author full names","Author(s) ID","Title","Year","Source title","Volume","Issue","Art. No.","Page start","Page end","Page count","Cited by","DOI","Link","Document Type","Publication Stage","Open Access","Source","EID"
"Sharma A.; Shrivastava B.P.","Sharma, Ajay (57752264200); Shrivastava, Bhavana P. (57202434941)","57752264200; 57202434941","Different Techniques of Image SR Using Deep Learning: A Review","2023","IEEE Sensors Journal","23","3","","1724","1733","9","1","10.1109/JSEN.2022.3229046","https://www.scopus.com/inward/record.uri?eid=2-s2.0-85146253092&doi=10.1109%2fJSEN.2022.3229046&partnerID=40&md5=7cb1faa83f6dd36b89c3ec72db14667e","Article","Final","","Scopus","2-s2.0-85146253092"
"Han J.; Wang C.","Han, Jun (57209633331); Wang, Chaoli (57203797020)","57209633331; 57203797020","SSR-TVD: Spatial Super-Resolution for Time-Varying Data Analysis and Visualization","2022","IEEE Transactions on Visualization and Computer Graphics","28","6","","2445","2456","11","11","10.1109/TVCG.2020.3032123","https://www.scopus.com/inward/record.uri?eid=2-s2.0-85127274997&doi=10.1109%2fTVCG.2020.3032123&partnerID=40&md5=9db9b8a33fc698815cfb1f84f205deb4","Article","Final","","Scopus","2-s2.0-85127274997"
"Märtens M.; Izzo D.; Krzic A.; Cox D.","Märtens, Marcus (36938152500); Izzo, Dario (16021918800); Krzic, Andrej (57199644951); Cox, Daniël (57215652608)","36938152500; 16021918800; 57199644951; 57215652608","Super-resolution of PROBA-V images using convolutional neural networks","2019","Astrodynamics","3","4","","387","402","15","43","10.1007/s42064-019-0059-8","https://www.scopus.com/inward/record.uri?eid=2-s2.0-85081573720&doi=10.1007%2fs42064-019-0059-8&partnerID=40&md5=d7e98b1dab609f8e07ea71566a986583","Article","Final","All Open Access; Green Open Access","Scopus","2-s2.0-85081573720"
"Cornillère V.; Djelouah A.; Yifan W.; Sorkine-Hornung O.; Schroers C.","Cornillère, Victor (57211031070); Djelouah, Abdelaziz (55430052800); Yifan, Wang (57955062900); Sorkine-Hornung, Olga (55693591100); Schroers, Christopher (55351985500)","57211031070; 55430052800; 57955062900; 55693591100; 55351985500","Blind image super-resolution with spatially variant degradations","2019","ACM Transactions on Graphics","38","6","166","","","","48","10.1145/3355089.3356575","https://www.scopus.com/inward/record.uri?eid=2-s2.0-85078887307&doi=10.1145%2f3355089.3356575&partnerID=40&md5=7528d7aabeff48812199747206021919","Article","Final","","Scopus","2-s2.0-85078887307"
"Ma J.; Chen J.","Ma, Ji (56170572800); Chen, Jinjin (57218144661)","56170572800; 57218144661","Pix2PixSSR: Spatial super-resolution synthesis and visualization for time-varying volumetric data","2023","IET Image Processing","","","","","","","0","10.1049/ipr2.12933","https://www.scopus.com/inward/record.uri?eid=2-s2.0-85171674487&doi=10.1049%2fipr2.12933&partnerID=40&md5=7cc60707bd5f80ec6c537853d6f38971","Article","Article in press","All Open Access; Gold Open Access","Scopus","2-s2.0-85171674487"
"Dai C.; Chen Q.; Xu J.; Gong H.; Song G.; Yang B.","Dai, Chengjie (58344327600); Chen, Qiang (58604042900); Xu, Jingchao (57331366800); Gong, Hanshen (58344327700); Song, Guanghua (7402253104); Yang, Bowei (36081405200)","58344327600; 58604042900; 57331366800; 58344327700; 7402253104; 36081405200","Image Resizing for Object Detection: A Learnable Downsampler-Upsampler Pair with Differentiable Image Entropy Estimation","2023","International Journal of Pattern Recognition and Artificial Intelligence","37","8","2354011","","","","0","10.1142/S0218001423540113","https://www.scopus.com/inward/record.uri?eid=2-s2.0-85162753285&doi=10.1142%2fS0218001423540113&partnerID=40&md5=a63069d43df4f278598fedab146f0e8e","Article","Final","","Scopus","2-s2.0-85162753285"
"Chen Z.; Liu J.; Yang J.; Yang W.","Chen, Zhensen (57225111722); Liu, Jianran (57204954697); Yang, Jingmin (57204143914); Yang, Wenyuan (55927230800)","57225111722; 57204954697; 57204143914; 55927230800","Super-resolution network-based fractional-pixel motion compensation","2021","Signal, Image and Video Processing","15","7","","1547","1554","7","1","10.1007/s11760-021-01887-5","https://www.scopus.com/inward/record.uri?eid=2-s2.0-85109139964&doi=10.1007%2fs11760-021-01887-5&partnerID=40&md5=ee8017bdc9c7d52112757e64091636f8","Article","Final","","Scopus","2-s2.0-85109139964"
"Bing X.; Zhang W.; Zheng L.; Zhang Y.","Bing, Xinyang (57205364795); Zhang, Wenwu (57214694116); Zheng, Liying (8339952700); Zhang, Yanbo (57216699498)","57205364795; 57214694116; 8339952700; 57216699498","Medical Image Super Resolution Using Improved Generative Adversarial Networks","2019","IEEE Access","7","","8854062","145030","145038","8","28","10.1109/ACCESS.2019.2944862","https://www.scopus.com/inward/record.uri?eid=2-s2.0-85078922885&doi=10.1109%2fACCESS.2019.2944862&partnerID=40&md5=5ad0239e4f9565735c9fd10bc206c066","Article","Final","All Open Access; Gold Open Access","Scopus","2-s2.0-85078922885"
"Grm K.; Scheirer W.J.; Štruc V.","Grm, Klemen (57189093547); Scheirer, Walter J. (35241348400); Štruc, Vitomir (17347474600)","57189093547; 35241348400; 17347474600","Face Hallucination Using Cascaded Super-Resolution and Identity Priors","2020","IEEE Transactions on Image Processing","29","1","8866753","2150","2165","15","71","10.1109/TIP.2019.2945835","https://www.scopus.com/inward/record.uri?eid=2-s2.0-85077738361&doi=10.1109%2fTIP.2019.2945835&partnerID=40&md5=2badaa18784945b3f0b53685f64d2384","Article","Final","All Open Access; Green Open Access; Hybrid Gold Open Access","Scopus","2-s2.0-85077738361"
"Sheeba G.; Maheswari M.","Sheeba, G. (57999937600); Maheswari, M. (6602880179)","57999937600; 6602880179","HEVC Video Quality Enhancement Using Deep Learning with Super Interpolation and Laplacian Filter","2022","IETE Journal of Research","","","","","","","2","10.1080/03772063.2022.2089746","https://www.scopus.com/inward/record.uri?eid=2-s2.0-85132812225&doi=10.1080%2f03772063.2022.2089746&partnerID=40&md5=751748254f4871320e3fe07037837151","Article","Article in press","","Scopus","2-s2.0-85132812225"
"Weiss S.; Chu M.; Thuerey N.; Westermann R.","Weiss, Sebastian (57210507258); Chu, Mengyu (57196000654); Thuerey, Nils (26024848800); Westermann, Rudiger (7005320805)","57210507258; 57196000654; 26024848800; 7005320805","Volumetric Isosurface Rendering with Deep Learning-Based Super-Resolution","2021","IEEE Transactions on Visualization and Computer Graphics","27","6","8918030","3064","3078","14","23","10.1109/TVCG.2019.2956697","https://www.scopus.com/inward/record.uri?eid=2-s2.0-85105865334&doi=10.1109%2fTVCG.2019.2956697&partnerID=40&md5=84019525d5adcfdcac21b77b4907d09c","Article","Final","All Open Access; Green Open Access","Scopus","2-s2.0-85105865334"
"Sharma A.; Shrivastava B.P.; Priya A.","Sharma, Ajay (57752264200); Shrivastava, Bhavana Prakash (57202434941); Priya, Aayushi (58315213800)","57752264200; 57202434941; 58315213800","Multilevel progressive recursive dilated networks with correlation filter (MPRDNCF) for image super-resolution","2023","Multimedia Systems","29","5","","2455","2467","12","0","10.1007/s00530-023-01126-6","https://www.scopus.com/inward/record.uri?eid=2-s2.0-85161966920&doi=10.1007%2fs00530-023-01126-6&partnerID=40&md5=bf35db45ff2c17b354000052205be5ec","Article","Final","","Scopus","2-s2.0-85161966920"
"Choi J.-H.; Kim J.-H.; Cheon M.; Lee J.-S.","Choi, Jun-Ho (55722482400); Kim, Jun-Hyuk (57191686104); Cheon, Manri (55938054900); Lee, Jong-Seok (36062379400)","55722482400; 57191686104; 55938054900; 36062379400","Deep learning-based image super-resolution considering quantitative and perceptual quality","2020","Neurocomputing","398","","","347","359","12","16","10.1016/j.neucom.2019.06.103","https://www.scopus.com/inward/record.uri?eid=2-s2.0-85074505918&doi=10.1016%2fj.neucom.2019.06.103&partnerID=40&md5=2f949d705f1d64aa02bafb2a61f64e97","Article","Final","All Open Access; Green Open Access","Scopus","2-s2.0-85074505918"
"Wang L.; Wang L.; Wang H.; Wang X.; Bruzzone L.","Wang, Lifeng (57226450880); Wang, Liguo (55745497100); Wang, Heng (58566422800); Wang, Xiaoyi (57074222100); Bruzzone, Lorenzo (7006892410)","57226450880; 55745497100; 58566422800; 57074222100; 7006892410","SPCNet: A Subpixel Convolution-Based Change Detection Network for Hyperspectral Images with Different Spatial Resolutions","2022","IEEE Transactions on Geoscience and Remote Sensing","60","","5533314","","","","6","10.1109/TGRS.2022.3189188","https://www.scopus.com/inward/record.uri?eid=2-s2.0-85134248285&doi=10.1109%2fTGRS.2022.3189188&partnerID=40&md5=6ed5b32d43a74af5542a8706026a3889","Article","Final","","Scopus","2-s2.0-85134248285"
"Sahito F.; Zhiwen P.; Sahito F.; Ahmed J.","Sahito, Faisal (57207360294); Zhiwen, Pan (7402644681); Sahito, Fahad (57215564522); Ahmed, Junaid (57191617246)","57207360294; 7402644681; 57215564522; 57191617246","Transpose convolution based model for super-resolution image reconstruction","2023","Applied Intelligence","53","9","","10574","10584","10","1","10.1007/s10489-022-03745-4","https://www.scopus.com/inward/record.uri?eid=2-s2.0-85136537013&doi=10.1007%2fs10489-022-03745-4&partnerID=40&md5=83ed91bf1dfa4763397932d3ff05d4e7","Article","Final","","Scopus","2-s2.0-85136537013"
"Deepak S.; Patra D.; Moorthi S.M.","Deepak, Shashikant (57216807543); Patra, DIpti (23985620900); Moorthi, S. Manthira (54395659100)","57216807543; 23985620900; 54395659100","Single image super-resolution reconstruction of remotely sensed images using MRF-2D phase congruency model","2021","Journal of Applied Remote Sensing","15","4","046507","","","","0","10.1117/1.JRS.15.046507","https://www.scopus.com/inward/record.uri?eid=2-s2.0-85122650203&doi=10.1117%2f1.JRS.15.046507&partnerID=40&md5=a2e37fe8c09e66de86febcdf17114cbd","Article","Final","","Scopus","2-s2.0-85122650203"
"Duan R.; Zhou D.-W.; Zhao L.-J.; Chai X.-L.","Duan, Ran (57211493653); Zhou, Deng-Wen (7403394720); Zhao, Li-Juan (57203573048); Chai, Xiao-Liang (57210378186)","57211493653; 7403394720; 57203573048; 57210378186","Image super-resolution reconstruction based on multi-scale feature mapping network; [基于多尺度特征映射网络的图像超分辨率重建]","2019","Zhejiang Daxue Xuebao (Gongxue Ban)/Journal of Zhejiang University (Engineering Science)","53","7","","1331","1339","8","4","10.3785/j.issn.1008-973X.2019.07.012","https://www.scopus.com/inward/record.uri?eid=2-s2.0-85071921496&doi=10.3785%2fj.issn.1008-973X.2019.07.012&partnerID=40&md5=8ec6813cebe8387a4fcfb02b7a2a75f9","Article","Final","","Scopus","2-s2.0-85071921496"
"Baccarelli E.; Scarpiniti M.; Momenzadeh A.","Baccarelli, Enzo (7006549462); Scarpiniti, Michele (23490528100); Momenzadeh, Alireza (57202390266)","7006549462; 23490528100; 57202390266","Twinned Residual Auto-Encoder (TRAE)—A new DL architecture for denoising super-resolution and task-aware feature learning from COVID-19 CT images","2023","Expert Systems with Applications","225","","120104","","","","0","10.1016/j.eswa.2023.120104","https://www.scopus.com/inward/record.uri?eid=2-s2.0-85152621326&doi=10.1016%2fj.eswa.2023.120104&partnerID=40&md5=4500b6a05f98460102ab1824ef757889","Article","Final","All Open Access; Bronze Open Access; Green Open Access","Scopus","2-s2.0-85152621326"
"Feldens P.","Feldens, Peter (26324896900)","26324896900","Super resolution by deep learning improves boulder detection in side scan sonar backscatter mosaics","2020","Remote Sensing","12","14","2284","","","","5","10.3390/rs12142284","https://www.scopus.com/inward/record.uri?eid=2-s2.0-85088627522&doi=10.3390%2frs12142284&partnerID=40&md5=98d6e75cbeb1af8403c099bc05377233","Article","Final","All Open Access; Gold Open Access; Green Open Access","Scopus","2-s2.0-85088627522"
"He L.; Cheng J.; Zhan Z.; Yang W.; Liu P.","He, Lei (56461800200); Cheng, Jiahao (57223434516); Zhan, Zhiyu (57223436716); Yang, Wenbo (58418069400); Liu, Peiran (57223435782)","56461800200; 57223434516; 57223436716; 58418069400; 57223435782","Single image super-resolution reconstruction based on multi-level perceptual residual convolutional network; [多层次感知残差卷积网络的单幅图像超分重建]","2021","Journal of Image and Graphics","26","4","","776","786","10","1","10.11834/jig.200168","https://www.scopus.com/inward/record.uri?eid=2-s2.0-85105867507&doi=10.11834%2fjig.200168&partnerID=40&md5=980e346d437fc7bb4afcb147755226db","Article","Final","","Scopus","2-s2.0-85105867507"
"Dong R.; Zhang L.; Fu H.","Dong, Runmin (57205415789); Zhang, Lixian (57207392945); Fu, Haohuan (8713118400)","57205415789; 57207392945; 8713118400","RRSGAN: Reference-Based Super-Resolution for Remote Sensing Image","2022","IEEE Transactions on Geoscience and Remote Sensing","60","","","","","","42","10.1109/TGRS.2020.3046045","https://www.scopus.com/inward/record.uri?eid=2-s2.0-85099726810&doi=10.1109%2fTGRS.2020.3046045&partnerID=40&md5=9011834a954982a4325984a5efa39e97","Article","Final","","Scopus","2-s2.0-85099726810"
"Seddik M.E.A.; Tamaazousti M.; Lin J.","Seddik, Mohamed El Amine (57202748489); Tamaazousti, Mohamed (36460407500); Lin, John (57199999188)","57202748489; 36460407500; 57199999188","Generative collaborative networks for single image super-resolution","2020","Neurocomputing","398","","","293","303","10","4","10.1016/j.neucom.2019.02.068","https://www.scopus.com/inward/record.uri?eid=2-s2.0-85066897861&doi=10.1016%2fj.neucom.2019.02.068&partnerID=40&md5=55efc360d10af0bc91e95680acd8f4af","Article","Final","All Open Access; Bronze Open Access; Green Open Access","Scopus","2-s2.0-85066897861"
"Dong P.; Xing L.","Dong, Peng (57206167830); Xing, Lei (57213673917)","57206167830; 57213673917","Deep DoseNet: A deep neural network for accurate dosimetric transformation between different spatial resolutions and/or different dose calculation algorithms for precision radiation therapy","2020","Physics in Medicine and Biology","65","3","035010","","","","30","10.1088/1361-6560/ab652d","https://www.scopus.com/inward/record.uri?eid=2-s2.0-85079020011&doi=10.1088%2f1361-6560%2fab652d&partnerID=40&md5=a9c004e406f56edb2ea1990b5448b1bc","Article","Final","All Open Access; Green Open Access","Scopus","2-s2.0-85079020011"
"Wang X.; Ma J.; Jiang J.; Zhang X.-P.","Wang, Xinya (57221484390); Ma, Jiayi (26638975600); Jiang, Junjun (54902306100); Zhang, Xiao-Ping (35214025100)","57221484390; 26638975600; 54902306100; 35214025100","Dilated projection correction network based on autoencoder for hyperspectral image super-resolution","2022","Neural Networks","146","","","107","119","12","12","10.1016/j.neunet.2021.11.014","https://www.scopus.com/inward/record.uri?eid=2-s2.0-85119961826&doi=10.1016%2fj.neunet.2021.11.014&partnerID=40&md5=d6a94fe2728b9e144ee12c6e540b9fec","Article","Final","","Scopus","2-s2.0-85119961826"
"Pham V.-D.; Bui Q.-T.","Pham, Vu-Dong (57202350777); Bui, Quang-Thanh (57189899688)","57202350777; 57189899688","Spatial resolution enhancement method for Landsat imagery using a Generative Adversarial Network","2021","Remote Sensing Letters","12","7","","654","665","11","6","10.1080/2150704X.2021.1918789","https://www.scopus.com/inward/record.uri?eid=2-s2.0-85105127268&doi=10.1080%2f2150704X.2021.1918789&partnerID=40&md5=92fd70c5ee8e4a888827caa02442244e","Article","Final","","Scopus","2-s2.0-85105127268"
"Xu K.; Wang X.; Yang X.; He S.; Zhang Q.; Yin B.; Wei X.; Lau R.W.H.","Xu, Ke (57202091928); Wang, Xin (57202370042); Yang, Xin (56203319300); He, Shengfeng (37118813800); Zhang, Qiang (55624487967); Yin, Baocai (8616230700); Wei, Xiaopeng (7402117019); Lau, Rynson W. H. (7103010017)","57202091928; 57202370042; 56203319300; 37118813800; 55624487967; 8616230700; 7402117019; 7103010017","Efficient image super-resolution integration","2018","Visual Computer","34","6-8","","1065","1076","11","13","10.1007/s00371-018-1554-2","https://www.scopus.com/inward/record.uri?eid=2-s2.0-85047122372&doi=10.1007%2fs00371-018-1554-2&partnerID=40&md5=1164f9c918a87b332aad56fc2f60065e","Article","Final","","Scopus","2-s2.0-85047122372"
"Sharma S.; Bawa V.S.; Kumar V.","Sharma, Shailza (57307338300); Bawa, Vivek Singh (57215592780); Kumar, Vinay (57212901158)","57307338300; 57215592780; 57212901158","A Novel Two-stage Residual Learning Based Convolutional Neural Network for Image Super Resolution","2019","Fundamenta Informaticae","168","2-4","","335","351","16","1","10.3233/FI-2019-1835","https://www.scopus.com/inward/record.uri?eid=2-s2.0-85073213590&doi=10.3233%2fFI-2019-1835&partnerID=40&md5=8160e2339dbb66e11d8e979d24ed80d7","Article","Final","","Scopus","2-s2.0-85073213590"
"Ueki W.; Nishii T.; Umehara K.; Ota J.; Higuchi S.; Ohta Y.; Nagai Y.; Murakawa K.; Ishida T.; Fukuda T.","Ueki, Wataru (57444719100); Nishii, Tatsuya (56015106400); Umehara, Kensuke (57194469605); Ota, Junko (57191333946); Higuchi, Satoshi (57220204094); Ohta, Yasutoshi (57219674155); Nagai, Yasuhiro (57444934700); Murakawa, Keizo (57444496400); Ishida, Takayuki (35406489400); Fukuda, Tetsuya (56784880500)","57444719100; 56015106400; 57194469605; 57191333946; 57220204094; 57219674155; 57444934700; 57444496400; 35406489400; 56784880500","Generative adversarial network-based post-processed image super-resolution technology for accelerating brain MRI: comparison with compressed sensing","2023","Acta Radiologica","64","1","","336","345","9","3","10.1177/02841851221076330","https://www.scopus.com/inward/record.uri?eid=2-s2.0-85124316780&doi=10.1177%2f02841851221076330&partnerID=40&md5=780e0addcc2b76902e3b6e802a4d60e1","Article","Final","","Scopus","2-s2.0-85124316780"
"Sharma A.; Shrivastava B.P.","Sharma, Ajay (57752264200); Shrivastava, Bhavana Prakash (57202434941)","57752264200; 57202434941","Medical image super-resolution using correlation filter interleaved progressive convolution network (CFIPC)","2022","Electronics Letters","58","9","","360","362","2","2","10.1049/ell2.12467","https://www.scopus.com/inward/record.uri?eid=2-s2.0-85126055529&doi=10.1049%2fell2.12467&partnerID=40&md5=21c591877658634d8c81ff74089eed88","Article","Final","All Open Access; Gold Open Access","Scopus","2-s2.0-85126055529"
"Masutani E.M.; Bahrami N.; Hsiao A.","Masutani, Evan M. (57194766741); Bahrami, Naeim (57132694400); Hsiao, Albert (53263994800)","57194766741; 57132694400; 53263994800","Deep learning single-frame and multiframe super-resolution for cardiac MRI","2020","Radiology","295","3","","552","561","9","50","10.1148/radiol.2020192173","https://www.scopus.com/inward/record.uri?eid=2-s2.0-85084785531&doi=10.1148%2fradiol.2020192173&partnerID=40&md5=9d001e333f37bd419262c1e0d674623f","Article","Final","All Open Access; Green Open Access","Scopus","2-s2.0-85084785531"
"Yun J.-S.; Yoo S.B.","Yun, Jun-Seok (57415662200); Yoo, Seok Bong (57211812382)","57415662200; 57211812382","Kernel-attentive weight modulation memory network for optical blur kernel-aware image super-resolution","2023","Optics Letters","48","10","","2740","2743","3","0","10.1364/OL.488562","https://www.scopus.com/inward/record.uri?eid=2-s2.0-85159403737&doi=10.1364%2fOL.488562&partnerID=40&md5=5a60343eead6d08c4af1d67955207047","Article","Final","","Scopus","2-s2.0-85159403737"
"Liu Z.; Zheng Y.; Han X.-H.","Liu, Zhe (57222528089); Zheng, Yinqiang (57212267581); Han, Xian-Hua (24080007200)","57222528089; 57212267581; 24080007200","Deep unsupervised fusion learning for hyperspectral image super resolution","2021","Sensors","21","7","2348","","","","7","10.3390/s21072348","https://www.scopus.com/inward/record.uri?eid=2-s2.0-85103043459&doi=10.3390%2fs21072348&partnerID=40&md5=d621316f3fe92c4de6b23fbe5218d451","Article","Final","All Open Access; Gold Open Access; Green Open Access","Scopus","2-s2.0-85103043459"
"Ahmad W.; Ali H.; Shah Z.; Azmat S.","Ahmad, Waqar (57206505603); Ali, Hazrat (56501336300); Shah, Zubair (56428700200); Azmat, Shoaib (55263841400)","57206505603; 56501336300; 56428700200; 55263841400","A new generative adversarial network for medical images super resolution","2022","Scientific Reports","12","1","9533","","","","18","10.1038/s41598-022-13658-4","https://www.scopus.com/inward/record.uri?eid=2-s2.0-85131708599&doi=10.1038%2fs41598-022-13658-4&partnerID=40&md5=67779d38e3e111f1a10d0fc7e796f9cd","Article","Final","All Open Access; Gold Open Access; Green Open Access","Scopus","2-s2.0-85131708599"
"Bischoff L.M.; Peeters J.M.; Weinhold L.; Krausewitz P.; Ellinger J.; Katemann C.; Isaak A.; Weber O.M.; Kuetting D.; Attenberger U.; Pieper C.C.; Sprinkart A.M.; Luetkens J.A.","Bischoff, Leon M. (57229758400); Peeters, Johannes M. (8150057100); Weinhold, Leonie (57192097884); Krausewitz, Philipp (55618833600); Ellinger, Jörg (8527709600); Katemann, Christoph (57203148005); Isaak, Alexander (56556744100); Weber, Oliver M. (7004486574); Kuetting, Daniel (56431209200); Attenberger, Ulrike (23099518200); Pieper, Claus C. (55427486900); Sprinkart, Alois M. (54417937100); Luetkens, Julian A. (56140582400)","57229758400; 8150057100; 57192097884; 55618833600; 8527709600; 57203148005; 56556744100; 7004486574; 56431209200; 23099518200; 55427486900; 54417937100; 56140582400","Deep Learning Super-Resolution Reconstruction for Fast and Motion-Robust T2-weighted Prostate MRI","2023","Radiology","308","3","e230427","","","","0","10.1148/radiol.230427","https://www.scopus.com/inward/record.uri?eid=2-s2.0-85172174236&doi=10.1148%2fradiol.230427&partnerID=40&md5=4395a044c7119b9f835a9abb2c1758d4","Article","Final","","Scopus","2-s2.0-85172174236"
"Pandey R.K.; Ganesan R.A.","Pandey, Ram Krishna (57201074489); Ganesan, Ramakrishnan Angarai (7006089567)","57201074489; 7006089567","Deepinterpolation: Fusion of multiple interpolations and CNN to obtain superresolution","2020","IET Image Processing","14","15","","4000","4011","11","2","10.1049/iet-ipr.2019.1244","https://www.scopus.com/inward/record.uri?eid=2-s2.0-85102193622&doi=10.1049%2fiet-ipr.2019.1244&partnerID=40&md5=c1d89a4be91e31c07c1eeabc316b01b7","Article","Final","","Scopus","2-s2.0-85102193622"
"Guei A.-C.; Akhloufi M.","Guei, Axel-Christian (57202650067); Akhloufi, Moulay (23979609400)","57202650067; 23979609400","Deep learning enhancement of infrared face images using generative adversarial networks","2018","Applied Optics","57","18","","D98","D107","9","28","10.1364/AO.57.000D98","https://www.scopus.com/inward/record.uri?eid=2-s2.0-85048976871&doi=10.1364%2fAO.57.000D98&partnerID=40&md5=7faaff084361988d856b545aec675939","Article","Final","","Scopus","2-s2.0-85048976871"
"Hassan M.; Wang Y.; Pang W.; Wang D.; Li D.; Zhou Y.; Xu D.","Hassan, Muhammad (57940574600); Wang, Yan (56431257100); Pang, Wei (57216906941); Wang, Di (56401363400); Li, Daixi (57199407011); Zhou, You (36703627200); Xu, Dong (7404074295)","57940574600; 56431257100; 57216906941; 56401363400; 57199407011; 36703627200; 7404074295","IPAS-Net: A deep-learning model for generating high-fidelity shoeprints from low-quality images with no natural references","2022","Journal of King Saud University - Computer and Information Sciences","34","6","","2743","2757","14","1","10.1016/j.jksuci.2022.03.024","https://www.scopus.com/inward/record.uri?eid=2-s2.0-85128303230&doi=10.1016%2fj.jksuci.2022.03.024&partnerID=40&md5=cbb825db4d3a8c6a68588d3722564062","Article","Final","All Open Access; Gold Open Access","Scopus","2-s2.0-85128303230"
"He J.; Zheng J.; Shen Y.; Guo Y.; Zhou H.","He, Jijun (57189212888); Zheng, Jinjin (8518127200); Shen, Yuan (55492339400); Guo, Yutang (56137496300); Zhou, Hongjun (7404742428)","57189212888; 8518127200; 55492339400; 56137496300; 7404742428","Facial Image Synthesis and Super-Resolution With Stacked Generative Adversarial Network","2020","Neurocomputing","402","","","359","365","6","16","10.1016/j.neucom.2020.03.107","https://www.scopus.com/inward/record.uri?eid=2-s2.0-85083672039&doi=10.1016%2fj.neucom.2020.03.107&partnerID=40&md5=4ee6bc2391c804fddc825286d07b2c39","Article","Final","","Scopus","2-s2.0-85083672039"
"Koeshidayatullah A.; Ferreira-Chacua I.; Li W.","Koeshidayatullah, Ardiansyah (56387553100); Ferreira-Chacua, Ivan (58221421000); Li, Weichang (58627717500)","56387553100; 58221421000; 58627717500","Is attention all geosciences need? Advancing quantitative petrography with attention-based deep learning","2023","Computers and Geosciences","181","","105466","","","","0","10.1016/j.cageo.2023.105466","https://www.scopus.com/inward/record.uri?eid=2-s2.0-85172888570&doi=10.1016%2fj.cageo.2023.105466&partnerID=40&md5=c7df1dfc0d312a651c08ffed50ce4090","Article","Final","","Scopus","2-s2.0-85172888570"
"Chen Y.; Jiang G.; Yu M.; Xu H.; Ho Y.-S.","Chen, Yeyao (57205268313); Jiang, Gangyi (57200860593); Yu, Mei (57226597727); Xu, Haiyong (55462879200); Ho, Yo-Sung (26643602300)","57205268313; 57200860593; 57226597727; 55462879200; 26643602300","Deep Light Field Spatial Super-Resolution Using Heterogeneous Imaging","2023","IEEE Transactions on Visualization and Computer Graphics","29","10","","4183","4197","14","3","10.1109/TVCG.2022.3184047","https://www.scopus.com/inward/record.uri?eid=2-s2.0-85132754553&doi=10.1109%2fTVCG.2022.3184047&partnerID=40&md5=4c90207339cb5de02a8697da19dc4c12","Article","Final","","Scopus","2-s2.0-85132754553"
"Nagaraj P.; Muthamilsudar K.; Nehanth N.S.; Shahid M.R.; Kumar S.V.","Nagaraj, P. (57215205769); Muthamilsudar, K. (57225216686); Nehanth, Naga S. (57225203188); Shahid, Mohammed R. (57225205285); Kumar, Sujith V. (57225212602)","57215205769; 57225216686; 57225203188; 57225205285; 57225212602","Perceptual image super resolution using deep learning and super resolution convolution neural networks (SRCNN)","2020","Advances in Parallel Computing","37","","","3","8","5","8","10.3233/APC200112","https://www.scopus.com/inward/record.uri?eid=2-s2.0-85109472910&doi=10.3233%2fAPC200112&partnerID=40&md5=ff1d1af20f9f00fbc34faaa3376e0a64","Article","Final","All Open Access; Gold Open Access","Scopus","2-s2.0-85109472910"
"Nathiya S.; Sujatha R.","Nathiya, S. (58503095900); Sujatha, R. (57193997819)","58503095900; 57193997819","GAN with CCSO: generative adversarial network-driven CAViaR competitive swarm optimizer for medical video super resolution","2023","Multimedia Tools and Applications","","","","","","","0","10.1007/s11042-023-16134-x","https://www.scopus.com/inward/record.uri?eid=2-s2.0-85165608840&doi=10.1007%2fs11042-023-16134-x&partnerID=40&md5=bbdf17e3a7dc0c63ca0119a5b926a956","Article","Article in press","","Scopus","2-s2.0-85165608840"
"Bellos D.; Basham M.; Pridmore T.; French A.P.","Bellos, Dimitrios (6507466198); Basham, Mark (17134452000); Pridmore, Tony (6701847105); French, Andrew P. (7202095090)","6507466198; 17134452000; 6701847105; 7202095090","A convolutional neural network for fast upsampling of undersampled tomograms in X-ray CT time-series using a representative highly sampled tomogram","2019","Journal of Synchrotron Radiation","26","3","","839","853","14","3","10.1107/S1600577519003448","https://www.scopus.com/inward/record.uri?eid=2-s2.0-85064811070&doi=10.1107%2fS1600577519003448&partnerID=40&md5=9a9d40409eeaa8c2625247195568a150","Article","Final","All Open Access; Green Open Access; Hybrid Gold Open Access","Scopus","2-s2.0-85064811070"
"Truong A.M.; Philips W.; Veelaert P.","Truong, Anh Minh (57211296640); Philips, Wilfried (7005218159); Veelaert, Peter (6602129110)","57211296640; 7005218159; 6602129110","Depth completion and super-resolution with arbitrary scale factors for indoor scenes","2021","Sensors","21","14","4892","","","","1","10.3390/s21144892","https://www.scopus.com/inward/record.uri?eid=2-s2.0-85110167307&doi=10.3390%2fs21144892&partnerID=40&md5=9e9aaa88d26b011fbc21b6182f29e0c3","Article","Final","All Open Access; Gold Open Access; Green Open Access","Scopus","2-s2.0-85110167307"
"Hu Y.; Shang Q.","Hu, Yuting (57197806945); Shang, Qiufeng (8431847400)","57197806945; 8431847400","Performance Enhancement of BOTDA Based on the Image Super-Resolution Reconstruction","2022","IEEE Sensors Journal","22","4","","3397","3404","7","3","10.1109/JSEN.2021.3139321","https://www.scopus.com/inward/record.uri?eid=2-s2.0-85122561018&doi=10.1109%2fJSEN.2021.3139321&partnerID=40&md5=73e6fb4956a25824a73ec13b23f6a51e","Article","Final","","Scopus","2-s2.0-85122561018"
"Nithya B.; Brijesh D.; Kumar S.K.; Pathmakarthik J.","Nithya, B. (57216787022); Brijesh, D. (58064790500); Kumar, S. Karan (57209548248); Pathmakarthik, J. (58064909700)","57216787022; 58064790500; 57209548248; 58064909700","Pilot based channel estimation of OFDM systems using deep learning techniques","2023","International Journal of Information Technology (Singapore)","15","2","","819","831","12","6","10.1007/s41870-023-01155-4","https://www.scopus.com/inward/record.uri?eid=2-s2.0-85146239196&doi=10.1007%2fs41870-023-01155-4&partnerID=40&md5=d9c71cbf807b321d3090e7e09cada34f","Article","Final","","Scopus","2-s2.0-85146239196"
"Zeng D.; Xu Q.; Pan S.; Song G.; Min F.","Zeng, Dou (58314451100); Xu, Qiong (58314949100); Pan, Shulin (58454465300); Song, Guojie (57758762500); Min, Fan (8909541100)","58314451100; 58314949100; 58454465300; 57758762500; 8909541100","Seismic image super-resolution reconstruction through deep feature mining network","2023","Applied Intelligence","53","19","","21875","21890","15","0","10.1007/s10489-023-04660-y","https://www.scopus.com/inward/record.uri?eid=2-s2.0-85162013668&doi=10.1007%2fs10489-023-04660-y&partnerID=40&md5=7962d80365e72dab76cc3c9ee5d76093","Article","Final","","Scopus","2-s2.0-85162013668"
"Hashimoto T.; Yamamoto S.; Hashimoto T.","Hashimoto, Tomohiro (57219723185); Yamamoto, Shigehiro (7408533555); Hashimoto, Takeshi (57210802873)","57219723185; 7408533555; 57210802873","Fundamental research about identifying accurate corresponding points using image super-resolution; [超解像による対応点探索の精度向上に関する基礎的検討]","2021","IEEJ Transactions on Electronics, Information and Systems","141","3","","358","366","8","0","10.1541/ieejeiss.141.358","https://www.scopus.com/inward/record.uri?eid=2-s2.0-85101780755&doi=10.1541%2fieejeiss.141.358&partnerID=40&md5=3b0a88b49115c8ac5f130eee651039e5","Article","Final","","Scopus","2-s2.0-85101780755"
"Shi Y.; Han L.; Han L.; Chang S.; Hu T.; Dancey D.","Shi, Yue (55496938800); Han, Liangxiu (24281092500); Han, Lianghao (55823389000); Chang, Sheng (55494252500); Hu, Tongle (16315950200); Dancey, Darren (17343675200)","55496938800; 24281092500; 55823389000; 55494252500; 16315950200; 17343675200","A Latent Encoder Coupled Generative Adversarial Network (LE-GAN) for Efficient Hyperspectral Image Super-Resolution","2022","IEEE Transactions on Geoscience and Remote Sensing","60","","5534819","","","","3","10.1109/TGRS.2022.3193441","https://www.scopus.com/inward/record.uri?eid=2-s2.0-85135759162&doi=10.1109%2fTGRS.2022.3193441&partnerID=40&md5=b9b147ce60673b43236223d3d24947e5","Article","Final","All Open Access; Green Open Access","Scopus","2-s2.0-85135759162"
"Deng X.; Song P.; Rodrigues M.R.D.; Dragotti P.L.","Deng, Xin (56071493400); Song, Pingfan (57191198668); Rodrigues, Miguel R. D. (57210526627); Dragotti, Pier Luigi (6701786340)","56071493400; 57191198668; 57210526627; 6701786340","RADAR: Robust Algorithm for Depth Image Super Resolution Based on FRI Theory and Multimodal Dictionary Learning","2020","IEEE Transactions on Circuits and Systems for Video Technology","30","8","8741062","2447","2462","15","8","10.1109/TCSVT.2019.2923901","https://www.scopus.com/inward/record.uri?eid=2-s2.0-85089518536&doi=10.1109%2fTCSVT.2019.2923901&partnerID=40&md5=3b1f19c25b5781539b76f7a400af4978","Article","Final","All Open Access; Green Open Access","Scopus","2-s2.0-85089518536"
"Chauhan K.; Patel S.N.; Kumhar M.; Bhatia J.; Tanwar S.; Davidson I.E.; Mazibuko T.F.; Sharma R.","Chauhan, Karansingh (57216769749); Patel, Shail Nimish (58158220300); Kumhar, Malaram (57205209368); Bhatia, Jitendra (55062577500); Tanwar, Sudeep (56576145100); Davidson, Innocent Ewean (7103403083); Mazibuko, Thokozile F. (58127772800); Sharma, Ravi (57431604600)","57216769749; 58158220300; 57205209368; 55062577500; 56576145100; 7103403083; 58127772800; 57431604600","Deep Learning-Based Single-Image Super-Resolution: A Comprehensive Review","2023","IEEE Access","11","","","21811","21830","19","2","10.1109/ACCESS.2023.3251396","https://www.scopus.com/inward/record.uri?eid=2-s2.0-85149358538&doi=10.1109%2fACCESS.2023.3251396&partnerID=40&md5=0e504894b0c594040babb93076c6af1b","Article","Final","All Open Access; Gold Open Access","Scopus","2-s2.0-85149358538"
"Qiao C.; Li D.; Guo Y.; Liu C.; Jiang T.; Dai Q.; Li D.","Qiao, Chang (57193796384); Li, Di (57201864678); Guo, Yuting (56942610200); Liu, Chong (57204292033); Jiang, Tao (58188524300); Dai, Qionghai (7202735131); Li, Dong (56148369900)","57193796384; 57201864678; 56942610200; 57204292033; 58188524300; 7202735131; 56148369900","Evaluation and development of deep neural networks for image super-resolution in optical microscopy","2021","Nature Methods","18","2","","194","202","8","149","10.1038/s41592-020-01048-5","https://www.scopus.com/inward/record.uri?eid=2-s2.0-85099911174&doi=10.1038%2fs41592-020-01048-5&partnerID=40&md5=76bf142bac33a5a008fae90db690eb4b","Article","Final","","Scopus","2-s2.0-85099911174"
"Sharma A.; Shrivastava B.P.","Sharma, Ajay (57752264200); Shrivastava, Bhavana P (57202434941)","57752264200; 57202434941","Facial image super-resolution using progressive network interleaved correlation filter","2023","Multimedia Tools and Applications","82","19","","29587","29606","19","1","10.1007/s11042-023-14765-8","https://www.scopus.com/inward/record.uri?eid=2-s2.0-85149003678&doi=10.1007%2fs11042-023-14765-8&partnerID=40&md5=174a7a0cf0cf51282cea44d527fadfbc","Article","Final","","Scopus","2-s2.0-85149003678"
"Tian C.; Yang J.; Li P.; Zhang S.; Mi S.","Tian, Chunhao (57559475000); Yang, Jian (57839670600); Li, Peng (57559688500); Zhang, Shaochong (7409374962); Mi, Shengli (36151045600)","57559475000; 57839670600; 57559688500; 7409374962; 36151045600","Retinal fundus image superresolution generated by optical coherence tomography based on a realistic mixed attention GAN","2022","Medical Physics","49","5","","3185","3198","13","1","10.1002/mp.15580","https://www.scopus.com/inward/record.uri?eid=2-s2.0-85127502794&doi=10.1002%2fmp.15580&partnerID=40&md5=09a38cc4cf05cd245a73423351f198da","Article","Final","","Scopus","2-s2.0-85127502794"
"Ju R.-Y.; Chen C.-C.; Chiang J.-S.; Lin Y.-S.; Chen W.-H.","Ju, Rui-Yang (57249750700); Chen, Chih-Chia (57920873300); Chiang, Jen-Shiun (7201425231); Lin, Yu-Shian (57442082900); Chen, Wei-Han (58459841400)","57249750700; 57920873300; 7201425231; 57442082900; 58459841400","Resolution enhancement processing on low quality images using swin transformer based on interval dense connection strategy","2023","Multimedia Tools and Applications","","","","","","","0","10.1007/s11042-023-16088-0","https://www.scopus.com/inward/record.uri?eid=2-s2.0-85164525178&doi=10.1007%2fs11042-023-16088-0&partnerID=40&md5=8f25fdfcd8f94a3cf936d7451d1f1baf","Article","Article in press","All Open Access; Green Open Access","Scopus","2-s2.0-85164525178"
"Jiang Z.; Zhu H.; Lu Y.; Ju G.; Men A.","Jiang, Zhuqing (55834971300); Zhu, Honghui (57215845241); Lu, Yue (57208653526); Ju, Guodong (57210574497); Men, Aidong (7003758403)","55834971300; 57215845241; 57208653526; 57210574497; 7003758403","Lightweight Super-Resolution Using Deep Neural Learning","2020","IEEE Transactions on Broadcasting","66","4","9044197","814","823","9","16","10.1109/TBC.2020.2977513","https://www.scopus.com/inward/record.uri?eid=2-s2.0-85082068642&doi=10.1109%2fTBC.2020.2977513&partnerID=40&md5=a55764d3a06487d59b3e676218f1cb51","Article","Final","All Open Access; Hybrid Gold Open Access","Scopus","2-s2.0-85082068642"
"Wu Y.; Lan L.; Long H.; Kong G.; Duan X.; Xu C.","Wu, Yun (35096974000); Lan, Lin (57220188017); Long, Huiyun (35096515000); Kong, Guangqian (23389692200); Duan, Xun (22634238200); Xu, Changzhuan (57220189620)","35096974000; 57220188017; 35096515000; 23389692200; 22634238200; 57220189620","Image Super-Resolution Reconstruction Based on a Generative Adversarial Network","2020","IEEE Access","8","","9269971","215133","215144","11","9","10.1109/ACCESS.2020.3040424","https://www.scopus.com/inward/record.uri?eid=2-s2.0-85097199170&doi=10.1109%2fACCESS.2020.3040424&partnerID=40&md5=5f674563deb6af647e013be1008699fb","Article","Final","All Open Access; Gold Open Access","Scopus","2-s2.0-85097199170"
